<?xml version="1.0" encoding="UTF-8" standalone="yes" ?>
<Forms>
    <Form Class="Window" LAnchorPoint="0" LAnchorOffset="600" TAnchorPoint="0" TAnchorOffset="400" RAnchorPoint="0" RAnchorOffset="640" BAnchorPoint="0" BAnchorOffset="440" RelativeToClient="1" Font="Default" Text="" BGColor="UI_WindowBGDefault" TextColor="UI_WindowTextDefault" Template="Default" TooltipType="OnCursor" Name="SmartTelegraphsFloat" Border="1" Picture="1" SwallowMouseClicks="1" Moveable="1" Escapable="0" Overlapped="1" TooltipColor="" Sprite="" UseTemplateBG="1" Tooltip="" RequireMetaKeyToMove="1" NewWindowDepth="1" TooltipId="" Sizable="1">
        <Control Class="Window" LAnchorPoint="0" LAnchorOffset="0" TAnchorPoint="0" TAnchorOffset="0" RAnchorPoint="1" RAnchorOffset="0" BAnchorPoint="1" BAnchorOffset="0" RelativeToClient="1" Font="Default" Text="" BGColor="black" TextColor="UI_WindowTextDefault" Template="Default" TooltipType="OnCursor" Name="wndPresetColorContainer" TooltipColor="" Visible="1" HideInEditor="0" Border="0" IgnoreMouse="1" UseTemplateBG="0" NewWindowDepth="1" RequireMetaKeyToMove="1" Moveable="0" Sizable="0" Tooltip="Hold CTRL to move" TooltipId="" Sprite="HologramSprites:HoloFrameMiddle3" Picture="1">
            <Control Class="Window" LAnchorPoint="0" LAnchorOffset="4" TAnchorPoint="0" TAnchorOffset="4" RAnchorPoint="1" RAnchorOffset="-4" BAnchorPoint="1" BAnchorOffset="-4" RelativeToClient="1" Font="Default" Text="" BGColor="white" TextColor="UI_WindowTextDefault" Template="Default" TooltipType="OnCursor" Name="ColorDisplay" TooltipColor="" Sprite="BasicSprites:WhiteFill" Picture="1" IgnoreMouse="1" UseTemplateBG="1"/>
        </Control>
        <Event Name="MouseButtonDown" Function="OnFloatClick"/>
    </Form>
    <Form Class="Window" LAnchorPoint="0" LAnchorOffset="0" TAnchorPoint="0" TAnchorOffset="0" RAnchorPoint="0" RAnchorOffset="638" BAnchorPoint="0" BAnchorOffset="600" RelativeToClient="1" Font="Default" Text="" BGColor="darkgray" TextColor="UI_WindowTextDefault" Template="Default" TooltipType="OnCursor" Name="SmartTelegraphsForm" Border="1" Picture="1" SwallowMouseClicks="1" Moveable="1" Escapable="1" Overlapped="1" TooltipColor="" Sprite="" DT_CENTER="1" Sizable="1" Tooltip="" DT_VCENTER="0" UseTemplateBG="1">
        <Control Class="Window" LAnchorPoint="0" LAnchorOffset="0" TAnchorPoint="0" TAnchorOffset="0" RAnchorPoint="1" RAnchorOffset="0" BAnchorPoint="1" BAnchorOffset="0" RelativeToClient="1" Font="Default" Text="" BGColor="UI_WindowBGDefault" TextColor="UI_WindowTextDefault" Template="Metal_Primary_Nav" TooltipType="OnCursor" Name="Border" TooltipColor="" Picture="1" IgnoreMouse="1" Border="1" Tooltip="" NoClip="1" Overlapped="1" BlockOutIfDisabled="0" NewWindowDepth="1" HideInEditor="0"/>
        <Control Class="Window" LAnchorPoint=".3" LAnchorOffset="0" TAnchorPoint="0" TAnchorOffset="31" RAnchorPoint=".7" RAnchorOffset="0" BAnchorPoint="0" BAnchorOffset="58" RelativeToClient="1" Font="CRB_Header10" Text="SmartTelegraphs" BGColor="black" TextColor="white" Template="Default" TooltipType="OnCursor" Name="SmartTelegraphsTitle" TooltipColor="" Sprite="BK3:sprMetal_Framing_Header" Picture="1" IgnoreMouse="1" Border="0" NewWindowDepth="1" TextId="" DT_CENTER="1" DT_VCENTER="1" Tooltip=""/>
        <Control Class="Window" LAnchorPoint="0" LAnchorOffset="27" TAnchorPoint="0" TAnchorOffset="50" RAnchorPoint="1" RAnchorOffset="-27" BAnchorPoint="0" BAnchorOffset="124" RelativeToClient="1" Font="Default" Text="" BGColor="UI_WindowBGDefault" TextColor="UI_WindowTextDefault" Template="Default" TooltipType="OnCursor" Name="NavBar" TooltipColor="" IgnoreMouse="1" NewWindowDepth="1">
            <Control Class="Button" Base="BK3:btnMetal_TabMainLeft" Font="CRB_ButtonHeader" ButtonType="Check" RadioGroup="displayNavigationRG" LAnchorPoint="0" LAnchorOffset="0" TAnchorPoint="0" TAnchorOffset="0" RAnchorPoint=".33" RAnchorOffset="0" BAnchorPoint="1" BAnchorOffset="-1" DT_VCENTER="1" DT_CENTER="1" BGColor="UI_BtnBGDefault" TextColor="UI_BtnTextDefault" NormalTextColor="UI_BtnTextGoldListNormal" PressedTextColor="UI_BtnTextGoldListPressed" FlybyTextColor="UI_BtnTextGoldListFlyby" PressedFlybyTextColor="UI_BtnTextGoldListPressedFlyby" DisabledTextColor="UI_BtnTextDefault" TooltipType="OnCursor" Name="btnColorTab" TooltipColor="" Text="Colors" TextId="" GlobalRadioGroup="" RadioDisallowNonSelection="1">
                <Event Name="ButtonCheck" Function="OnCheckColorTab"/>
            </Control>
            <Control Class="Button" Base="BK3:btnMetal_TabMainMid" Font="CRB_ButtonHeader" ButtonType="Check" RadioGroup="displayNavigationRG" LAnchorPoint=".33" LAnchorOffset="0" TAnchorPoint="0" TAnchorOffset="0" RAnchorPoint=".67" RAnchorOffset="0" BAnchorPoint="1" BAnchorOffset="-1" DT_VCENTER="1" DT_CENTER="1" BGColor="UI_BtnBGDefault" TextColor="UI_BtnTextDefault" NormalTextColor="UI_BtnTextGoldListNormal" PressedTextColor="UI_BtnTextGoldListPressed" FlybyTextColor="UI_BtnTextGoldListFlyby" PressedFlybyTextColor="UI_BtnTextGoldListPressedFlyby" DisabledTextColor="UI_BtnTextDefault" TooltipType="OnCursor" Name="btnZoneTab" TooltipColor="" NewWindowDepth="0" Picture="0" Border="0" GlobalRadioGroup="" Text="" TextId="Tutorials_Zones" Tooltip="" RadioDisallowNonSelection="1">
                <Event Name="ButtonCheck" Function="OnCheckZoneTab"/>
            </Control>
            <Control Class="Button" Base="BK3:btnMetal_TabMainRight" Font="CRB_ButtonHeader" ButtonType="Check" RadioGroup="displayNavigationRG" LAnchorPoint=".67" LAnchorOffset="0" TAnchorPoint="0" TAnchorOffset="0" RAnchorPoint="1" RAnchorOffset="0" BAnchorPoint="1" BAnchorOffset="-1" DT_VCENTER="1" DT_CENTER="1" BGColor="UI_BtnBGDefault" TextColor="UI_BtnTextDefault" NormalTextColor="UI_BtnTextGoldListNormal" PressedTextColor="UI_BtnTextGoldListPressed" FlybyTextColor="UI_BtnTextGoldListFlyby" PressedFlybyTextColor="UI_BtnTextGoldListPressedFlyby" DisabledTextColor="UI_BtnTextDefault" TooltipType="OnCursor" Name="btnSettingsTab" TooltipColor="" Text="" TextId="Launcher_RemoveSettings" GlobalRadioGroup="" Tooltip="" RadioDisallowNonSelection="1" DrawAsCheckbox="0" IgnoreMouse="0">
                <Event Name="ButtonCheck" Function="OnCheckSettingsTab"/>
            </Control>
        </Control>
        <Control Class="Window" LAnchorPoint="0" LAnchorOffset="30" TAnchorPoint="0" TAnchorOffset="140" RAnchorPoint="1" RAnchorOffset="-30" BAnchorPoint="1" BAnchorOffset="-25" RelativeToClient="1" Font="Default" Text="" BGColor="UI_WindowBGDefault" TextColor="UI_WindowTextDefault" Template="Holo_Background_General" TooltipType="OnCursor" Name="Container" TooltipColor="" IgnoreMouse="1" Overlapped="1" NoClip="0" NewWindowDepth="0" HideInEditor="0">
            <Control Class="Window" LAnchorPoint="0" LAnchorOffset="0" TAnchorPoint="0" TAnchorOffset="0" RAnchorPoint="1" RAnchorOffset="0" BAnchorPoint="0" BAnchorOffset="90" RelativeToClient="1" Font="Default" Text="" BGColor="UI_WindowBGDefault" TextColor="UI_WindowTextDefault" Template="Default" TooltipType="OnCursor" Name="ConfigArea" TooltipColor="" Tooltip="" HideInEditor="0" Sprite="BK3:UI_BK3_Holo_Snippet" Picture="1" IgnoreMouse="1" UseTemplateBG="1">
                <Control Class="Window" LAnchorPoint="0" LAnchorOffset="7" TAnchorPoint="0" TAnchorOffset="7" RAnchorPoint="1" RAnchorOffset="-7" BAnchorPoint="1" BAnchorOffset="-7" RelativeToClient="1" Font="Default" Text="" BGColor="UI_WindowBGDefault" TextColor="UI_WindowTextDefault" Template="Default" TooltipType="OnCursor" Name="ZoneConfigArea" TooltipColor="" Picture="1" IgnoreMouse="1" NewWindowDepth="1" Border="1" Sprite="" UseTemplateBG="1" Tooltip="" Visible="1" HideInEditor="0">
                    <Control Class="EditBox" LAnchorPoint=".25" LAnchorOffset="4" TAnchorPoint="0" TAnchorOffset="0" RAnchorPoint="1" RAnchorOffset="0" BAnchorPoint=".5" BAnchorOffset="-2" RelativeToClient="1" Font="CRB_Interface11_BB" Text="Zone" BGColor="UI_AlphaPercent60" TextColor="UI_WindowTextDefault" Template="Default" TooltipType="OnCursor" Name="ZoneNameDisplay" TooltipColor="" Sprite="BasicSprites:BlackFill" Picture="1" TextId="" DT_CENTER="1" DT_VCENTER="1" ReadOnly="1" UseParentOpacity="0"/>
                    <Control Class="EditBox" LAnchorPoint=".25" LAnchorOffset="4" TAnchorPoint=".5" TAnchorOffset="2" RAnchorPoint="1" RAnchorOffset="0" BAnchorPoint="1" BAnchorOffset="0" RelativeToClient="1" Font="CRB_Interface11_BB" Text="Subzone" BGColor="UI_AlphaPercent60" TextColor="UI_WindowTextDefault" Template="Default" TooltipType="OnCursor" Name="SubzoneNameDisplay" TooltipColor="" Sprite="BasicSprites:BlackFill" Picture="1" DT_VCENTER="1" DT_CENTER="1" TextId="" ReadOnly="1"/>
                    <Control Class="Window" LAnchorPoint="0" LAnchorOffset="0" TAnchorPoint="0" TAnchorOffset="0" RAnchorPoint=".25" RAnchorOffset="0" BAnchorPoint="1" BAnchorOffset="0" RelativeToClient="1" Font="Default" Text="" BGColor="UI_AlphaPercent60" TextColor="UI_WindowTextDefault" Template="Default" TooltipType="OnCursor" Name="zoneCurrentColorWrapper" TooltipColor="" Sprite="BasicSprites:BlackFill" Picture="1" IgnoreMouse="1">
                        <Control Class="Window" LAnchorPoint="0" LAnchorOffset="4" TAnchorPoint="0" TAnchorOffset="4" RAnchorPoint="1" RAnchorOffset="-4" BAnchorPoint="1" BAnchorOffset="-4" RelativeToClient="1" Font="Default" Text="" BGColor="UI_WindowBGDefault" TextColor="UI_WindowTextDefault" Template="Default" TooltipType="OnCursor" Name="zoneColorDisplay" TooltipColor="" Sprite="BasicSprites:WhiteFill" Picture="1" IgnoreMouse="1" HideInEditor="0"/>
                    </Control>
                </Control>
                <Control Class="Window" LAnchorPoint="0" LAnchorOffset="7" TAnchorPoint="0" TAnchorOffset="7" RAnchorPoint="1" RAnchorOffset="-7" BAnchorPoint="1" BAnchorOffset="-7" RelativeToClient="1" Font="Default" Text="" BGColor="UI_WindowBGDefault" TextColor="UI_WindowTextDefault" Template="Default" TooltipType="OnCursor" Name="ColorsConfigArea" TooltipColor="" Picture="1" IgnoreMouse="1" Border="1" UseTemplateBG="1" NewWindowDepth="1" HideInEditor="1" Tooltip="">
                    <Control Class="Window" LAnchorPoint="0" LAnchorOffset="0" TAnchorPoint="0" TAnchorOffset="0" RAnchorPoint=".75" RAnchorOffset="0" BAnchorPoint="0" BAnchorOffset="30" RelativeToClient="1" Font="CRB_Interface11_BB" Text="" BGColor="UI_WindowBGDefault" TextColor="UI_WindowTextDefault" Template="Default" TooltipType="OnCursor" Name="ColorNameContainer" TooltipColor="" Sprite="" Picture="1" IgnoreMouse="1" TextId="Nameplates_TargetName" DT_VCENTER="1">
                        <Control Class="EditBox" LAnchorPoint="0" LAnchorOffset="45" TAnchorPoint="0" TAnchorOffset="0" RAnchorPoint="1" RAnchorOffset="0" BAnchorPoint="1" BAnchorOffset="0" RelativeToClient="1" Font="CRB_Interface11_BB" Text="" BGColor="darkgray" TextColor="UI_WindowTextDefault" Template="Default" TooltipType="OnCursor" Name="ColorNameEditBox" TooltipColor="" Sprite="AbilitiesSprites:spr_StatVertProgBase" Picture="1" DT_CENTER="1" DT_VCENTER="1" TextId=""/>
                    </Control>
                    <Control Class="Window" LAnchorPoint="0" LAnchorOffset="0" TAnchorPoint=".5" TAnchorOffset="0" RAnchorPoint=".75" RAnchorOffset="0" BAnchorPoint="1" BAnchorOffset="0" RelativeToClient="1" Font="CRB_Interface11_BB" Text="" BGColor="UI_WindowBGDefault" TextColor="UI_WindowTextDefault" Template="Default" TooltipType="OnCursor" Name="ColorWrapper" TooltipColor="" Sprite="" Picture="1" IgnoreMouse="1" Tooltip="" TextId="CRB_Color" DT_VCENTER="1">
                        <Control Class="Window" LAnchorPoint="0" LAnchorOffset="45" TAnchorPoint="0" TAnchorOffset="0" RAnchorPoint="1" RAnchorOffset="0" BAnchorPoint="1" BAnchorOffset="0" RelativeToClient="1" Font="Default" Text="" BGColor="UI_AlphaPercent60" TextColor="UI_WindowTextDefault" Template="Default" TooltipType="OnCursor" Name="BG" TooltipColor="" Sprite="BasicSprites:BlackFill" Picture="1" IgnoreMouse="1">
                            <Control Class="Window" LAnchorPoint="0" LAnchorOffset="3" TAnchorPoint="0" TAnchorOffset="3" RAnchorPoint="1" RAnchorOffset="-3" BAnchorPoint="1" BAnchorOffset="-3" RelativeToClient="1" Font="Default" Text="" BGColor="white" TextColor="UI_WindowTextDefault" Template="Default" TooltipType="OnCursor" Name="ColorDisplay" TooltipColor="" Border="1" IgnoreMouse="1" Picture="1" UseTemplateBG="0" Sprite="BasicSprites:WhiteFill"/>
                        </Control>
                    </Control>
                    <Control Class="Button" Base="BK3:btnHolo_Green_Med" Font="CRB_Button" ButtonType="PushButton" RadioGroup="" LAnchorPoint=".75" LAnchorOffset="0" TAnchorPoint=".4" TAnchorOffset="-4" RAnchorPoint="1" RAnchorOffset="0" BAnchorPoint="1" BAnchorOffset="11" DT_VCENTER="1" DT_CENTER="1" BGColor="UI_BtnBGDefault" TextColor="UI_BtnTextDefault" NormalTextColor="UI_BtnTextDefault" PressedTextColor="UI_BtnTextDefault" FlybyTextColor="UI_BtnTextDefault" PressedFlybyTextColor="UI_BtnTextDefault" DisabledTextColor="UI_BtnTextDefault" TooltipType="OnCursor" Name="btnSaveColor" TooltipColor="" Text="" TextId="CRB_Save">
                        <Event Name="ButtonSignal" Function="OnSaveColorButton"/>
                    </Control>
                </Control>
            </Control>
            <Control Class="Window" LAnchorPoint="0" LAnchorOffset="-4" TAnchorPoint="0" TAnchorOffset="85" RAnchorPoint="1" RAnchorOffset="0" BAnchorPoint="1" BAnchorOffset="5" RelativeToClient="1" Font="Default" Text="" BGColor="UI_WindowBGDefault" TextColor="UI_WindowTextDefault" Template="OldMetalControl" TooltipType="OnCursor" Name="ListArea" TooltipColor="" Border="1" IgnoreMouse="1" Picture="1" VScroll="1" UseTemplateBG="1" NewWindowDepth="0" HideInEditor="0" Sprite="BK3:UI_BK3_Holo_Snippet"/>
            <Control Class="Window" LAnchorPoint="0" LAnchorOffset="0" TAnchorPoint="0" TAnchorOffset="0" RAnchorPoint="1" RAnchorOffset="0" BAnchorPoint="1" BAnchorOffset="0" RelativeToClient="1" Font="Default" Text="" BGColor="black" TextColor="UI_WindowTextDefault" Template="Default" TooltipType="OnCursor" Name="Background" TooltipColor="" Picture="1" IgnoreMouse="1" Border="0" Overlapped="0" Sprite="" UseTemplateBG="1" HideInEditor="1"/>
            <Control Class="Window" LAnchorPoint="0" LAnchorOffset="0" TAnchorPoint="0" TAnchorOffset="0" RAnchorPoint="1" RAnchorOffset="0" BAnchorPoint="1" BAnchorOffset="0" RelativeToClient="1" Font="Default" Text="" BGColor="darkgray" TextColor="UI_WindowTextDefault" Template="Default" TooltipType="OnCursor" Name="SettingsArea" TooltipColor="" HideInEditor="1" Tooltip="" IgnoreMouse="1" NewWindowDepth="0" Sprite="" Picture="1">
                <Control Class="Window" LAnchorPoint="0" LAnchorOffset="0" TAnchorPoint="0" TAnchorOffset="5" RAnchorPoint="1" RAnchorOffset="0" BAnchorPoint="0" BAnchorOffset="37" RelativeToClient="1" Font="Default" Text="No settings here for now, coming soon" BGColor="UI_WindowBGDefault" TextColor="UI_WindowTextDefault" Template="Default" TooltipType="OnCursor" Name="Window" TooltipColor="" TextId="" DT_CENTER="1" DT_VCENTER="1"/>
            </Control>
        </Control>
        <Control Class="Button" Base="CRB_QuestTrackerSprites:btnQT_QuestAbandon" Font="DefaultButton" ButtonType="PushButton" RadioGroup="" LAnchorPoint="1" LAnchorOffset="-44" TAnchorPoint="0" TAnchorOffset="25" RAnchorPoint="1" RAnchorOffset="-25" BAnchorPoint="0" BAnchorOffset="44" DT_VCENTER="1" DT_CENTER="1" BGColor="UI_BtnBGDefault" TextColor="UI_BtnTextDefault" NormalTextColor="UI_BtnTextDefault" PressedTextColor="UI_BtnTextDefault" FlybyTextColor="UI_BtnTextDefault" PressedFlybyTextColor="UI_BtnTextDefault" DisabledTextColor="UI_BtnTextDefault" TooltipType="OnCursor" Name="btnClose" TooltipColor="" Template="MetalWindowSound" NewWindowDepth="1">
            <Event Name="ButtonSignal" Function="OnCloseButtonPressed"/>
        </Control>
        <Event Name="WindowClosed" Function="OnMainWindowClosed"/>
    </Form>
    <Form Class="Window" LAnchorPoint="0" LAnchorOffset="0" TAnchorPoint="0" TAnchorOffset="0" RAnchorPoint="1" RAnchorOffset="0" BAnchorPoint="0" BAnchorOffset="39" RelativeToClient="1" Font="Default" Text="" BGColor="darkgray" TextColor="UI_WindowTextDefault" Template="Default" TooltipType="OnCursor" Name="ZoneTemplateFrame" Border="1" Picture="1" SwallowMouseClicks="1" Moveable="0" Escapable="1" Overlapped="1" TooltipColor="" Sprite="" Tooltip="">
        <Control Class="EditBox" LAnchorPoint="0" LAnchorOffset="9" TAnchorPoint="0" TAnchorOffset="0" RAnchorPoint=".6" RAnchorOffset="-5" BAnchorPoint="1" BAnchorOffset="0" RelativeToClient="1" Font="CRB_Interface11_BB" Text="Zone" BGColor="UI_AlphaPercent60" TextColor="UI_WindowTextDefault" Template="Default" TooltipType="OnCursor" Name="txtZoneName" TooltipColor="" DT_CENTER="1" DT_VCENTER="1" TextId="" Sprite="BasicSprites:BlackFill" Picture="0" ReadOnly="1" Border="0"/>
        <Control Class="EditBox" LAnchorPoint=".3" LAnchorOffset="0" TAnchorPoint="0" TAnchorOffset="5" RAnchorPoint=".6" RAnchorOffset="-5" BAnchorPoint="1" BAnchorOffset="-5" RelativeToClient="1" Font="CRB_Interface11_BB" Text="Subzone" BGColor="UI_WindowBGDefault" TextColor="UI_WindowTextDefault" Template="Default" TooltipType="OnCursor" Name="txtSubzoneName" TooltipColor="" Sprite="BK3:UI_BK3_Holo_InsetSimple" Picture="1" TextId="" DT_VCENTER="1" DT_CENTER="1" ReadOnly="1" Visible="0" HideInEditor="1"/>
        <Control Class="Window" LAnchorPoint=".6" LAnchorOffset="0" TAnchorPoint="0" TAnchorOffset="0" RAnchorPoint="1" RAnchorOffset="-40" BAnchorPoint="1" BAnchorOffset="0" RelativeToClient="1" Font="Default" Text="" BGColor="UI_AlphaPercent60" TextColor="UI_WindowTextDefault" Template="Default" TooltipType="OnCursor" Name="wndColorContainer" TooltipColor="" Sprite="BasicSprites:BlackFill" Picture="0" IgnoreMouse="1">
            <Control Class="EditBox" LAnchorPoint="0.25" LAnchorOffset="0" TAnchorPoint="0" TAnchorOffset="0" RAnchorPoint="1" RAnchorOffset="0" BAnchorPoint="1" BAnchorOffset="0" RelativeToClient="1" Font="CRB_Interface11_BB" Text="colorName" BGColor="UI_WindowBGDefault" TextColor="UI_WindowTextDefault" Template="Default" TooltipType="OnCursor" Name="txtColorName" TooltipColor="" ReadOnly="1" DT_CENTER="1" DT_VCENTER="1" TextId=""/>
            <Control Class="Window" LAnchorPoint="0" LAnchorOffset="5" TAnchorPoint="0" TAnchorOffset="5" RAnchorPoint="0.25" RAnchorOffset="0" BAnchorPoint="1" BAnchorOffset="-5" RelativeToClient="1" Font="Default" Text="" BGColor="UI_WindowBGDefault" TextColor="UI_WindowTextDefault" Template="Default" TooltipType="OnCursor" Name="ColorDisplay" TooltipColor="" Sprite="BasicSprites:WhiteFill" Picture="1" IgnoreMouse="1"/>
        </Control>
        <Control Class="ComboBox" LAnchorPoint=".6" LAnchorOffset="0" TAnchorPoint="0" TAnchorOffset="5" RAnchorPoint="1" RAnchorOffset="-40" BAnchorPoint="1" BAnchorOffset="-5" RelativeToClient="1" Font="Default" Text="" BGColor="UI_WindowBGDefault" TextColor="UI_WindowTextDefault" Template="Default" TooltipType="OnCursor" Name="cboxColor" TooltipColor="" Sprite="BK3:btnMetal_DropDownNormal" Picture="1" Visible="0" HideInEditor="1"/>
        <Control Class="Button" Base="BK3:btnHolo_Clear" Font="DefaultButton" ButtonType="PushButton" RadioGroup="" LAnchorPoint="1" LAnchorOffset="-36" TAnchorPoint="0" TAnchorOffset="6" RAnchorPoint="1" RAnchorOffset="-11" BAnchorPoint="1" BAnchorOffset="-6" DT_VCENTER="1" DT_CENTER="1" BGColor="UI_BtnBGDefault" TextColor="UI_BtnTextDefault" NormalTextColor="UI_BtnTextDefault" PressedTextColor="UI_BtnTextDefault" FlybyTextColor="UI_BtnTextDefault" PressedFlybyTextColor="UI_BtnTextDefault" DisabledTextColor="UI_BtnTextDefault" TooltipType="OnCursor" Name="btnRemoveZone" TooltipColor="">
            <Event Name="ButtonSignal" Function="OnDeleteZone"/>
        </Control>
        <Control Class="Window" LAnchorPoint="0" LAnchorOffset="5" TAnchorPoint="0" TAnchorOffset="0" RAnchorPoint="1" RAnchorOffset="-5" BAnchorPoint="1" BAnchorOffset="0" RelativeToClient="1" Font="Default" Text="" BGColor="UI_AlphaPercent60" TextColor="UI_WindowTextDefault" Template="Default" TooltipType="OnCursor" Name="BG" TooltipColor="" Picture="1" IgnoreMouse="1" NoClip="0" Sprite="BasicSprites:BlackFill"/>
    </Form>
    <Form Class="Window" LAnchorPoint="0" LAnchorOffset="0" TAnchorPoint="0" TAnchorOffset="0" RAnchorPoint="1" RAnchorOffset="0" BAnchorPoint="0" BAnchorOffset="39" RelativeToClient="1" Font="Default" Text="" BGColor="darkgray" TextColor="UI_WindowTextDefault" Template="Default" TooltipType="OnCursor" Name="ColorTemplateFrame" Border="1" Picture="1" SwallowMouseClicks="1" Moveable="0" Escapable="1" Overlapped="1" TooltipColor="" Sprite="">
        <Control Class="EditBox" LAnchorPoint="0.25" LAnchorOffset="0" TAnchorPoint="0" TAnchorOffset="0" RAnchorPoint="1" RAnchorOffset="-40" BAnchorPoint="1" BAnchorOffset="0" RelativeToClient="1" Font="CRB_Interface11_BB" Text="" BGColor="UI_AlphaPercent60" TextColor="UI_WindowTextDefault" Template="Default" TooltipType="OnCursor" Name="txtColorName" TooltipColor="" Sprite="" Picture="1" TextId="CRB_Color" DT_VCENTER="1" DT_CENTER="1" ReadOnly="1"/>
        <Control Class="Window" LAnchorPoint="0" LAnchorOffset="5" TAnchorPoint="0" TAnchorOffset="0" RAnchorPoint="0.25" RAnchorOffset="0" BAnchorPoint="1" BAnchorOffset="0" RelativeToClient="1" Font="Default" Text="" BGColor="UI_AlphaPercent60" TextColor="UI_WindowTextDefault" Template="Default" TooltipType="OnCursor" Name="ColorWrapper" TooltipColor="" Sprite="" Picture="1" IgnoreMouse="1">
            <Control Class="Window" LAnchorPoint="0" LAnchorOffset="5" TAnchorPoint="0" TAnchorOffset="5" RAnchorPoint="1" RAnchorOffset="-5" BAnchorPoint="1" BAnchorOffset="-5" RelativeToClient="1" Font="Default" Text="" BGColor="UI_WindowBGDefault" TextColor="UI_WindowTextDefault" Template="Default" TooltipType="OnCursor" Name="ColorDisplay" TooltipColor="" Sprite="BasicSprites:WhiteFill" Picture="1" IgnoreMouse="1"/>
        </Control>
        <Control Class="Button" Base="BK3:btnHolo_Clear" Font="DefaultButton" ButtonType="PushButton" RadioGroup="" LAnchorPoint="1" LAnchorOffset="-37" TAnchorPoint="0" TAnchorOffset="7" RAnchorPoint="1" RAnchorOffset="-12" BAnchorPoint="1" BAnchorOffset="-7" DT_VCENTER="1" DT_CENTER="1" BGColor="UI_BtnBGDefault" TextColor="UI_BtnTextDefault" NormalTextColor="UI_BtnTextDefault" PressedTextColor="UI_BtnTextDefault" FlybyTextColor="UI_BtnTextDefault" PressedFlybyTextColor="UI_BtnTextDefault" DisabledTextColor="UI_BtnTextDefault" TooltipType="OnCursor" Name="btnRemoveColor" TooltipColor="">
            <Event Name="ButtonSignal" Function="OnDeleteColor"/>
        </Control>
        <Control Class="Window" LAnchorPoint="0" LAnchorOffset="5" TAnchorPoint="0" TAnchorOffset="0" RAnchorPoint="1" RAnchorOffset="-5" BAnchorPoint="1" BAnchorOffset="0" RelativeToClient="1" Font="Default" Text="" BGColor="UI_AlphaPercent60" TextColor="UI_WindowTextDefault" Template="Default" TooltipType="OnCursor" Name="BG" TooltipColor="" Sprite="BasicSprites:BlackFill" Picture="1" IgnoreMouse="1" NoClip="1"/>
    </Form>
    <Form Class="Window" LAnchorPoint="0" LAnchorOffset="0" TAnchorPoint="0" TAnchorOffset="0" RAnchorPoint="1" RAnchorOffset="0" BAnchorPoint="0" BAnchorOffset="32" RelativeToClient="1" Font="Default" Text="" BGColor="darkgray" TextColor="UI_WindowTextDefault" Template="Default" TooltipType="OnCursor" Name="ColorFloatItemTemplateFrame" Border="0" Picture="1" SwallowMouseClicks="1" Moveable="0" Escapable="0" Overlapped="1" TooltipColor="" Sprite="" Tooltip="" NewWindowDepth="0" IgnoreMouse="1">
        <Control Class="EditBox" LAnchorPoint="0.25" LAnchorOffset="0" TAnchorPoint="0" TAnchorOffset="7" RAnchorPoint="1" RAnchorOffset="0" BAnchorPoint="1" BAnchorOffset="-5" RelativeToClient="1" Font="Default" Text="colorName" BGColor="UI_WindowBGDefault" TextColor="UI_WindowTextDefault" Template="Default" TooltipType="OnCursor" Name="txtColorName" TooltipColor="" DT_CENTER="1" DT_VCENTER="1" TextId="" ReadOnly="1" IgnoreMouse="0" NoClip="0" Sizable="0">
            <Event Name="MouseButtonDown" Function="OnFloatListItemClick"/>
        </Control>
        <Control Class="Window" LAnchorPoint="0" LAnchorOffset="5" TAnchorPoint="0" TAnchorOffset="2" RAnchorPoint="1" RAnchorOffset="-5" BAnchorPoint="1" BAnchorOffset="0" RelativeToClient="1" Font="Default" Text="" BGColor="UI_AlphaPercent60" TextColor="UI_WindowTextDefault" Template="Default" TooltipType="OnCursor" Name="BG" TooltipColor="" Sprite="BasicSprites:BlackFill" Picture="1" IgnoreMouse="1"/>
        <Control Class="Window" LAnchorPoint="0" LAnchorOffset="10" TAnchorPoint="0" TAnchorOffset="7" RAnchorPoint="0.25" RAnchorOffset="0" BAnchorPoint="1" BAnchorOffset="-5" RelativeToClient="1" Font="Default" Text="" BGColor="UI_WindowBGDefault" TextColor="UI_WindowTextDefault" Template="Default" TooltipType="OnCursor" Name="ColorDisplay" TooltipColor="" Sprite="BasicSprites:WhiteFill" Picture="1" IgnoreMouse="1" NoClip="0" Sizable="0"/>
    </Form>
    <Form Class="Window" LAnchorPoint="1" LAnchorOffset="-11" TAnchorPoint="0" TAnchorOffset="32" RAnchorPoint="1" RAnchorOffset="249" BAnchorPoint="0" BAnchorOffset="332" RelativeToClient="1" Font="Default" Text="" BGColor="UI_AlphaPercent60" TextColor="UI_WindowTextDefault" Template="Default" TooltipType="OnCursor" Name="SmartTelegraphsColorPicker" Border="1" Picture="1" SwallowMouseClicks="1" Moveable="1" Escapable="1" Overlapped="1" TooltipColor="" Tooltip="" UseTemplateBG="1" NewWindowDepth="1" NoClip="1" Sprite="BasicSprites:BlackFill">
        <Control Class="ColorPicker" LAnchorPoint="0" LAnchorOffset="8" TAnchorPoint="0" TAnchorOffset="8" RAnchorPoint="1" RAnchorOffset="-8" BAnchorPoint=".5" BAnchorOffset="0" RelativeToClient="1" Font="Default" Text="" BGColor="UI_WindowBGDefault" TextColor="UI_WindowTextDefault" Template="Default" TooltipType="OnCursor" Name="ColorPicker" TooltipColor="" Tooltip="">
            <Event Name="ColorChanged" Function="OnColorChanged"/>
        </Control>
        <Control Class="Window" LAnchorPoint="0" LAnchorOffset="2" TAnchorPoint=".5" TAnchorOffset="5" RAnchorPoint="1" RAnchorOffset="-6" BAnchorPoint=".6" BAnchorOffset="5" RelativeToClient="1" Font="Default" Text="" BGColor="UI_WindowBGDefault" TextColor="UI_WindowTextDefault" Template="Default" TooltipType="OnCursor" Name="RGBContainer" TooltipColor="">
            <Control Class="Window" LAnchorPoint="0" LAnchorOffset="5" TAnchorPoint="0" TAnchorOffset="0" RAnchorPoint=".33" RAnchorOffset="0" BAnchorPoint="1" BAnchorOffset="0" RelativeToClient="1" Font="CRB_ButtonHeader" Text="" BGColor="UI_WindowBGDefault" TextColor="UI_WindowTextDefault" Template="Default" TooltipType="OnCursor" Name="RWrapper" TooltipColor="" TextId="CRB_R" DT_VCENTER="1">
                <Control Class="EditBox" LAnchorPoint="0" LAnchorOffset="12" TAnchorPoint="0" TAnchorOffset="0" RAnchorPoint="1" RAnchorOffset="0" BAnchorPoint="1" BAnchorOffset="0" RelativeToClient="1" Font="CRB_Header10" Text="" BGColor="darkgray" TextColor="UI_WindowTextDefault" Template="Default" TooltipType="OnCursor" Name="REditBox" TooltipColor="" Border="1" TextId="CRB_0" DT_CENTER="1" DT_VCENTER="1" Picture="1" Sprite="AbilitiesSprites:spr_StatVertProgBase" UseTemplateBG="1">
                    <Event Name="EditBoxChanged" Function="OnColorEditBoxChanged"/>
                </Control>
            </Control>
            <Control Class="Window" LAnchorPoint=".33" LAnchorOffset="5" TAnchorPoint="0" TAnchorOffset="0" RAnchorPoint=".67" RAnchorOffset="0" BAnchorPoint="1" BAnchorOffset="0" RelativeToClient="1" Font="CRB_ButtonHeader" Text="" BGColor="UI_WindowBGDefault" TextColor="UI_WindowTextDefault" Template="Default" TooltipType="OnCursor" Name="GWrapper" TooltipColor="" TextId="QuestTracker_ObjectiveG" DT_VCENTER="1">
                <Control Class="EditBox" LAnchorPoint="0" LAnchorOffset="12" TAnchorPoint="0" TAnchorOffset="0" RAnchorPoint="1" RAnchorOffset="0" BAnchorPoint="1" BAnchorOffset="0" RelativeToClient="1" Font="CRB_Header10" Text="" BGColor="darkgray" TextColor="UI_WindowTextDefault" Template="Default" TooltipType="OnCursor" Name="GEditBox" TooltipColor="" TextId="CRB_0" Border="1" UseTemplateBG="1" DT_VCENTER="1" DT_CENTER="1" Picture="1" Sprite="AbilitiesSprites:spr_StatVertProgBase">
                    <Event Name="EditBoxChanged" Function="OnColorEditBoxChanged"/>
                </Control>
            </Control>
            <Control Class="Window" LAnchorPoint=".67" LAnchorOffset="5" TAnchorPoint="0" TAnchorOffset="0" RAnchorPoint="1" RAnchorOffset="0" BAnchorPoint="1" BAnchorOffset="0" RelativeToClient="1" Font="CRB_ButtonHeader" Text="" BGColor="UI_WindowBGDefault" TextColor="UI_WindowTextDefault" Template="Default" TooltipType="OnCursor" Name="BWrapper" TooltipColor="" TextId="QuestTracker_ObjectiveB" DT_VCENTER="1" DT_CENTER="0">
                <Control Class="EditBox" LAnchorPoint="0" LAnchorOffset="12" TAnchorPoint="0" TAnchorOffset="0" RAnchorPoint="1" RAnchorOffset="0" BAnchorPoint="1" BAnchorOffset="0" RelativeToClient="1" Font="CRB_Header10" Text="" BGColor="darkgray" TextColor="UI_WindowTextDefault" Template="Default" TooltipType="OnCursor" Name="BEditBox" TooltipColor="" TextId="CRB_0" DT_CENTER="1" DT_VCENTER="1" Border="1" UseTemplateBG="1" Picture="1" Sprite="AbilitiesSprites:spr_StatVertProgBase">
                    <Event Name="EditBoxChanged" Function="OnColorEditBoxChanged"/>
                </Control>
            </Control>
        </Control>
        <Control Class="Window" LAnchorPoint="0" LAnchorOffset="4" TAnchorPoint=".6" TAnchorOffset="0" RAnchorPoint="1" RAnchorOffset="-8" BAnchorPoint="1" BAnchorOffset="-11" RelativeToClient="1" Font="Default" Text="" BGColor="UI_WindowBGDefault" TextColor="UI_WindowTextDefault" Template="Default" TooltipType="OnCursor" Name="OpacityContainer" TooltipColor="">
            <Control Class="Window" LAnchorPoint="0" LAnchorOffset="0" TAnchorPoint="0" TAnchorOffset="0" RAnchorPoint="1" RAnchorOffset="0" BAnchorPoint=".5" BAnchorOffset="0" RelativeToClient="1" Font="Default" Text="" BGColor="UI_WindowBGDefault" TextColor="UI_WindowTextDefault" Template="Default" TooltipType="OnCursor" Name="InsideWrapper" TooltipColor="">
                <Control Class="Window" LAnchorPoint="0" LAnchorOffset="3" TAnchorPoint="0" TAnchorOffset="3" RAnchorPoint="1" RAnchorOffset="0" BAnchorPoint=".5" BAnchorOffset="0" RelativeToClient="1" Font="CRB_ButtonHeader" Text="" BGColor="UI_WindowBGDefault" TextColor="UI_WindowTextDefault" Template="Default" TooltipType="OnCursor" Name="txtInsideHelper" TooltipColor="" TextId="Options_FillTelegraphOpacity" DT_VCENTER="1"/>
                <Control Class="EditBox" LAnchorPoint="0" LAnchorOffset="1" TAnchorPoint=".5" TAnchorOffset="-2" RAnchorPoint="0" RAnchorOffset="50" BAnchorPoint="1" BAnchorOffset="0" RelativeToClient="1" Font="CRB_Header10" Text="" BGColor="darkgray" TextColor="UI_WindowTextDefault" Template="Default" TooltipType="OnCursor" Name="IFEditBox" TooltipColor="" Border="1" TextId="CRB_0" DT_VCENTER="1" DT_CENTER="1" Sprite="AbilitiesSprites:spr_StatVertProgBase" Picture="1">
                    <Event Name="EditBoxChanged" Function="OnOpacityEditBoxChanged"/>
                </Control>
                <Control Class="Window" LAnchorPoint="0" LAnchorOffset="50" TAnchorPoint=".5" TAnchorOffset="0" RAnchorPoint="1" RAnchorOffset="0" BAnchorPoint="1" BAnchorOffset="0" RelativeToClient="1" Font="Default" Text="" BGColor="UI_WindowBGDefault" TextColor="UI_WindowTextDefault" Template="Default" TooltipType="OnCursor" Name="SliderContainer" TooltipColor="">
                    <Control Class="Window" LAnchorPoint="0" LAnchorOffset="0" TAnchorPoint="0" TAnchorOffset="0" RAnchorPoint="1" RAnchorOffset="0" BAnchorPoint="1" BAnchorOffset="0" RelativeToClient="1" Font="Default" Text="" BGColor="UI_WindowBGDefault" TextColor="UI_WindowTextDefault" Template="Default" TooltipType="OnCursor" Name="BG" TooltipColor="" Sprite="BK3:UI_BK3_Holo_InsetSlider" Picture="1" IgnoreMouse="1"/>
                    <Control Class="SliderBar" LAnchorPoint="0" LAnchorOffset="2" TAnchorPoint="0" TAnchorOffset="-4" RAnchorPoint="1" RAnchorOffset="-2" BAnchorPoint="1" BAnchorOffset="1" RelativeToClient="1" Font="Default" Text="" BGColor="UI_WindowBGDefault" TextColor="UI_WindowTextDefault" Template="Holo_ScrollList" TooltipType="OnCursor" Name="IFSliderBar" TooltipColor="" Border="0" UseButtons="1" IncButton="BK3:btnHolo_Options_DragRight" Picture="0" DecButton="BK3:btnHolo_Options_DragLeft" Thumb="CRB_CharacterCreateSprites:btnCharC_ScrollkitScroller" Tooltip="">
                        <Event Name="SliderBarChanged" Function="OnIFOpacitySliderChanged"/>
                    </Control>
                </Control>
            </Control>
            <Control Class="Window" LAnchorPoint="0" LAnchorOffset="0" TAnchorPoint=".5" TAnchorOffset="0" RAnchorPoint="1" RAnchorOffset="0" BAnchorPoint="1" BAnchorOffset="0" RelativeToClient="1" Font="Default" Text="" BGColor="UI_WindowBGDefault" TextColor="UI_WindowTextDefault" Template="Default" TooltipType="OnCursor" Name="OutsideWrapper" TooltipColor="" Tooltip="">
                <Control Class="Window" LAnchorPoint="0" LAnchorOffset="3" TAnchorPoint="0" TAnchorOffset="3" RAnchorPoint="1" RAnchorOffset="0" BAnchorPoint=".5" BAnchorOffset="0" RelativeToClient="1" Font="CRB_ButtonHeader" Text="" BGColor="UI_WindowBGDefault" TextColor="UI_WindowTextDefault" Template="Default" TooltipType="OnCursor" Name="txtOutlineHelper" TooltipColor="" TextId="Options_OutlineTelegraphOpacity" DT_VCENTER="1"/>
                <Control Class="EditBox" LAnchorPoint="0" LAnchorOffset="1" TAnchorPoint=".5" TAnchorOffset="-2" RAnchorPoint="0" RAnchorOffset="50" BAnchorPoint="1" BAnchorOffset="0" RelativeToClient="1" Font="CRB_Header10" Text="" BGColor="darkgray" TextColor="UI_WindowTextDefault" Template="Default" TooltipType="OnCursor" Name="OFEditBox" TooltipColor="" Border="1" TextId="CRB_0" DT_VCENTER="1" DT_CENTER="1" Sprite="AbilitiesSprites:spr_StatVertProgBase" Picture="1">
                    <Event Name="EditBoxChanged" Function="OnOpacityEditBoxChanged"/>
                </Control>
                <Control Class="Window" LAnchorPoint="0" LAnchorOffset="50" TAnchorPoint=".5" TAnchorOffset="0" RAnchorPoint="1" RAnchorOffset="0" BAnchorPoint="1" BAnchorOffset="0" RelativeToClient="1" Font="Default" Text="" BGColor="UI_WindowBGDefault" TextColor="UI_WindowTextDefault" Template="Default" TooltipType="OnCursor" Name="SliderContainer" TooltipColor="">
                    <Control Class="Window" LAnchorPoint="0" LAnchorOffset="0" TAnchorPoint="0" TAnchorOffset="0" RAnchorPoint="1" RAnchorOffset="0" BAnchorPoint="1" BAnchorOffset="0" RelativeToClient="1" Font="Default" Text="" BGColor="UI_WindowBGDefault" TextColor="UI_WindowTextDefault" Template="Default" TooltipType="OnCursor" Name="BG" TooltipColor="" Sprite="BK3:UI_BK3_Holo_InsetSlider" Picture="1" IgnoreMouse="1"/>
                    <Control Class="SliderBar" LAnchorPoint="0" LAnchorOffset="2" TAnchorPoint="0" TAnchorOffset="-4" RAnchorPoint="1" RAnchorOffset="-2" BAnchorPoint="1" BAnchorOffset="1" RelativeToClient="1" Font="Default" Text="" BGColor="UI_WindowBGDefault" TextColor="UI_WindowTextDefault" Template="Default" TooltipType="OnCursor" Name="OFSliderBar" TooltipColor="" Sprite="" Picture="0" IncButton="BK3:btnHolo_Options_DragRight" DecButton="BK3:btnHolo_Options_DragLeft" Thumb="CRB_CharacterCreateSprites:btnCharC_ScrollkitScroller" UseButtons="1">
                        <Event Name="SliderBarChanged" Function="OnOFOpacitySliderChanged"/>
                    </Control>
                </Control>
            </Control>
        </Control>
    </Form>
    <Form Class="Window" LAnchorPoint="0" LAnchorOffset="-164" TAnchorPoint="0" TAnchorOffset="-200" RAnchorPoint="0" RAnchorOffset="36" BAnchorPoint="0" BAnchorOffset="0" RelativeToClient="1" Font="Default" Text="" BGColor="darkgray" TextColor="UI_WindowTextDefault" Template="Default" TooltipType="OnCursor" Name="SmartTelegraphsFloatListWrapper" Border="0" Picture="1" SwallowMouseClicks="1" Moveable="0" Escapable="1" Overlapped="1" TooltipColor="" Tooltip="" Sprite="BK3:UI_BK3_Holo_Snippet" CloseOnExternalClick="1" UseTemplateBG="1" NewWindowDepth="1" NoClip="1">
        <Control Class="Window" LAnchorPoint="0" LAnchorOffset="0" TAnchorPoint="0" TAnchorOffset="0" RAnchorPoint="1" RAnchorOffset="0" BAnchorPoint="1" BAnchorOffset="-2" RelativeToClient="1" Font="Default" Text="" BGColor="UI_WindowBGDefault" TextColor="UI_WindowTextDefault" Template="OldMetalControl" TooltipType="OnCursor" Name="SmartTelegraphsFloatList" TooltipColor="" Sprite="" Picture="0" IgnoreMouse="1" UseTemplateBG="0" Border="1" VScroll="1" CloseOnExternalClick="1" NoClip="1" Tooltip=""/>
        <Event Name="WindowClosed" Function="OnFloaterListClosed"/>
    </Form>
</Forms>
